{"version": "1", "message": "ERROR: Hidden Testcases server unreachable.", "problem_id": "ads2_m2_a1_1", "user_id": "TanushreeVedula14", "score": {"sample": {"0": {"execution_time": 0.1533668041229248, "passed": false}, "1": {"execution_time": 0.1692664623260498, "passed": false}, "2": {"execution_time": 0.1846771240234375, "passed": false}, "3": {"execution_time": 0.1691272258758545, "passed": false}, "4": {"execution_time": 0.16263031959533691, "passed": false}, "5": {"execution_time": 0.18448448181152344, "passed": false}, "6": {"execution_time": 0.18458080291748047, "passed": false}, "7": {"execution_time": 0.16727519035339355, "passed": false}, "8": {"execution_time": 0.13149785995483398, "passed": false}, "9": {"execution_time": 0.13137316703796387, "passed": false}, "10": {"execution_time": 0.1469738483428955, "passed": false}, "11": {"execution_time": 0.14680075645446777, "passed": false}, "12": {"execution_time": 0.2003624439239502, "passed": false}, "13": {"execution_time": 0.16884493827819824, "passed": false}, "14": {"execution_time": 0.13804197311401367, "passed": false}, "15": {"execution_time": 0.1936657428741455, "passed": false}, "16": {"execution_time": 0.1529679298400879, "passed": false}, "17": {"execution_time": 0.20118403434753418, "passed": false}, "18": {"execution_time": 0.13123250007629395, "passed": false}, "19": {"execution_time": 0.14705681800842285, "passed": false}, "20": {"execution_time": 0.15309405326843262, "passed": false}, "21": {"execution_time": 0.13173937797546387, "passed": false}, "22": {"execution_time": 0.16915464401245117, "passed": false}, "23": {"execution_time": 0.1313920021057129, "passed": false}}}, "check_style_score": "0/1"}