{"version": "1", "message": "ERROR: Hidden Testcases server unreachable.", "problem_id": "ads2_m2_a1_1", "user_id": "TanushreeVedula14", "score": {"sample": {"0": {"execution_time": 0.16934847831726074, "passed": true}, "1": {"execution_time": 0.1625995635986328, "passed": true}, "2": {"execution_time": 0.11618423461914062, "passed": true}, "3": {"execution_time": 0.18474054336547852, "passed": false}, "4": {"execution_time": 0.26981306076049805, "passed": false}, "5": {"execution_time": 0.1386888027191162, "passed": true}, "6": {"execution_time": 0.16898870468139648, "passed": false}, "7": {"execution_time": 0.16268396377563477, "passed": false}, "8": {"execution_time": 0.2853693962097168, "passed": false}, "9": {"execution_time": 0.14733123779296875, "passed": false}, "10": {"execution_time": 0.1849679946899414, "passed": false}, "11": {"execution_time": 0.3164966106414795, "passed": false}, "12": {"execution_time": 0.21611523628234863, "passed": false}, "13": {"execution_time": 0.20106816291809082, "passed": true}, "14": {"execution_time": 0.13817501068115234, "passed": false}, "15": {"execution_time": 0.13203096389770508, "passed": true}, "16": {"execution_time": 0.14755702018737793, "passed": false}, "17": {"execution_time": 0.14716315269470215, "passed": false}, "18": {"execution_time": 0.1854689121246338, "passed": false}, "19": {"execution_time": 0.1691148281097412, "passed": false}, "20": {"execution_time": 0.13184356689453125, "passed": false}, "21": {"execution_time": 0.23811674118041992, "passed": false}, "22": {"execution_time": 0.3322579860687256, "passed": false}, "23": {"execution_time": 0.18466949462890625, "passed": false}}}, "check_style_score": "0/1"}