{"version": "1", "message": "ERROR: Hidden Testcases server unreachable.", "problem_id": "ads2_m2_a1_1", "user_id": "TanushreeVedula14", "score": {"sample": {"0": {"execution_time": 0.23169231414794922, "passed": false}, "1": {"execution_time": 0.14717936515808105, "passed": false}, "2": {"execution_time": 0.16929292678833008, "passed": false}, "3": {"execution_time": 0.16916155815124512, "passed": true}, "4": {"execution_time": 0.16928958892822266, "passed": false}, "5": {"execution_time": 0.15293622016906738, "passed": false}, "6": {"execution_time": 0.16918277740478516, "passed": false}, "7": {"execution_time": 0.18465805053710938, "passed": false}, "8": {"execution_time": 0.15348458290100098, "passed": false}, "9": {"execution_time": 0.1784076690673828, "passed": false}, "10": {"execution_time": 0.16885089874267578, "passed": false}, "11": {"execution_time": 0.18466830253601074, "passed": false}, "12": {"execution_time": 0.18484950065612793, "passed": false}, "13": {"execution_time": 0.16950678825378418, "passed": false}, "14": {"execution_time": 0.18434810638427734, "passed": false}, "15": {"execution_time": 0.14692354202270508, "passed": false}, "16": {"execution_time": 0.1627788543701172, "passed": false}, "17": {"execution_time": 0.1691420078277588, "passed": false}, "18": {"execution_time": 0.16915082931518555, "passed": false}, "19": {"execution_time": 0.16935014724731445, "passed": false}, "20": {"execution_time": 0.1690366268157959, "passed": false}, "21": {"execution_time": 0.16246724128723145, "passed": false}, "22": {"execution_time": 0.21593189239501953, "passed": false}, "23": {"execution_time": 0.19180083274841309, "passed": false}}}, "check_style_score": "0/1"}