{"version": "1", "message": "ERROR: Hidden Testcases server unreachable.", "problem_id": "ads2_m2_a1_1", "user_id": "TanushreeVedula14", "score": {"sample": {"0": {"execution_time": 0.2003929615020752, "passed": true}, "1": {"execution_time": 0.1532425880432129, "passed": true}, "2": {"execution_time": 0.1313643455505371, "passed": true}, "3": {"execution_time": 0.13804268836975098, "passed": true}, "4": {"execution_time": 0.16902852058410645, "passed": true}, "5": {"execution_time": 0.13132810592651367, "passed": true}, "6": {"execution_time": 0.16276836395263672, "passed": true}, "7": {"execution_time": 0.14691615104675293, "passed": true}, "8": {"execution_time": 0.13117074966430664, "passed": true}, "9": {"execution_time": 0.184708833694458, "passed": true}, "10": {"execution_time": 0.18523812294006348, "passed": true}, "11": {"execution_time": 0.17155933380126953, "passed": true}, "12": {"execution_time": 0.20031523704528809, "passed": true}, "13": {"execution_time": 0.1469120979309082, "passed": true}, "14": {"execution_time": 0.1845560073852539, "passed": true}, "15": {"execution_time": 0.13127994537353516, "passed": true}, "16": {"execution_time": 0.13754582405090332, "passed": true}, "17": {"execution_time": 0.1847083568572998, "passed": true}, "18": {"execution_time": 0.16890645027160645, "passed": true}, "19": {"execution_time": 0.15327715873718262, "passed": true}, "20": {"execution_time": 0.20659804344177246, "passed": true}, "21": {"execution_time": 0.1535933017730713, "passed": true}, "22": {"execution_time": 0.1999056339263916, "passed": true}, "23": {"execution_time": 0.16273188591003418, "passed": true}}}, "check_style_score": "0/1"}