{"version": "1", "message": "ERROR: Hidden Testcases server unreachable.", "problem_id": "ads2_m2_a1_1", "user_id": "TanushreeVedula14", "score": {"sample": {"0": {"execution_time": 0.14758515357971191, "passed": false}, "1": {"execution_time": 0.1534440517425537, "passed": false}, "2": {"execution_time": 0.1536729335784912, "passed": false}, "3": {"execution_time": 0.16273760795593262, "passed": false}, "4": {"execution_time": 0.16918110847473145, "passed": false}, "5": {"execution_time": 0.169297456741333, "passed": false}, "6": {"execution_time": 0.18448734283447266, "passed": false}, "7": {"execution_time": 0.1467735767364502, "passed": false}, "8": {"execution_time": 0.14681220054626465, "passed": false}, "9": {"execution_time": 0.14957261085510254, "passed": false}, "10": {"execution_time": 0.16269588470458984, "passed": false}, "11": {"execution_time": 0.137678861618042, "passed": false}, "12": {"execution_time": 0.16921257972717285, "passed": false}, "13": {"execution_time": 0.16233110427856445, "passed": false}, "14": {"execution_time": 0.23145103454589844, "passed": false}, "15": {"execution_time": 0.13116168975830078, "passed": false}, "16": {"execution_time": 0.1689128875732422, "passed": false}, "17": {"execution_time": 0.16894149780273438, "passed": false}, "18": {"execution_time": 0.16906976699829102, "passed": false}, "19": {"execution_time": 0.15387630462646484, "passed": false}, "20": {"execution_time": 0.16240477561950684, "passed": false}, "21": {"execution_time": 0.1154637336730957, "passed": false}, "22": {"execution_time": 0.16258692741394043, "passed": false}, "23": {"execution_time": 0.1533193588256836, "passed": false}}}, "check_style_score": "0/1"}