{"version": "1", "message": "ERROR: Hidden Testcases server unreachable.", "problem_id": "ads2_m2_a1_1", "user_id": "TanushreeVedula14", "score": {"sample": {"0": {"execution_time": 0.2625594139099121, "passed": false}, "1": {"execution_time": 0.15352845191955566, "passed": false}, "2": {"execution_time": 0.18488240242004395, "passed": false}, "3": {"execution_time": 0.16918087005615234, "passed": true}, "4": {"execution_time": 0.11589813232421875, "passed": true}, "5": {"execution_time": 0.15328407287597656, "passed": false}, "6": {"execution_time": 0.11557245254516602, "passed": true}, "7": {"execution_time": 0.1689298152923584, "passed": true}, "8": {"execution_time": 0.14678359031677246, "passed": true}, "9": {"execution_time": 0.1468961238861084, "passed": true}, "10": {"execution_time": 0.15334749221801758, "passed": true}, "11": {"execution_time": 0.14689421653747559, "passed": true}, "12": {"execution_time": 0.13135743141174316, "passed": true}, "13": {"execution_time": 0.17812681198120117, "passed": false}, "14": {"execution_time": 0.20052385330200195, "passed": true}, "15": {"execution_time": 0.13115787506103516, "passed": false}, "16": {"execution_time": 0.14672136306762695, "passed": true}, "17": {"execution_time": 0.16884756088256836, "passed": true}, "18": {"execution_time": 0.18461871147155762, "passed": true}, "19": {"execution_time": 0.15322566032409668, "passed": true}, "20": {"execution_time": 0.1537916660308838, "passed": true}, "21": {"execution_time": 0.13769245147705078, "passed": true}, "22": {"execution_time": 0.19112491607666016, "passed": true}, "23": {"execution_time": 0.16241669654846191, "passed": true}}}, "check_style_score": "0/1"}